DW_TEMPO;invoice_date;Ano;Mes;Dia
d63f562845a4ba2ecb7aee9ba8a7fccc82bcd9ff7e39b13e9a59995cb734ecd8;07/01/2019;2018;12;30
cfd80ee93c498bda6c7408416078c9aeeeb96b9fd5d39e20f6c03190aa1ca38d;25/05/2017;2017;1;1
0da570788fa02d9ce906abf1e0b9f7f4b32931acf191f7112d5fe097fa23bfcd;23/12/2018;2017;12;31
195461e5638373e4185ab8729e7693dce009772408ab407957b5228a886614bb;05/03/2018;2017;12;31
46551ec91529d265a2c02d9bc77bc150cf334888341ccf952fc7cd8ba901b6be;09/01/2018;2017;12;31
94306564382fa5ea0281c4ba726c960dab590a850d898475ba57e35f24d7c025;24/06/2017;2017;1;1
f525bf4e19afa9f73e68a43df87c9f51408ae2579f386527195888045f008743;21/04/2018;2017;12;31
6b581a328befa994a136bedf6613cc93d197e744d6ded6bd278618ca5617b3c6;08/07/2018;2017;12;31
78667f7a43534a6a7c009b3b2fd7757746743e2185abbd7bfe2cfed71688eada;04/02/2018;2017;12;31
c592f05b71d2506704ef544fe09a9c147dfabbc6b14943af698fc35a97dc621d;24/09/2017;2017;1;1
3b322a56b3614b117fb2bc4351e85ecabb821a863ef552e54d17cafe5f1a8412;21/06/2018;2017;12;31
0bcda7eb228ebbefc048b0e299daaa3455cb1bafabb003e78afdd4ac1148eff6;08/10/2017;2017;1;1
7824ce899ad098567560b6edf531d5c6a24cdac1035db40ae4b70f7fa2c302d1;09/06/2018;2017;12;31
c3d3d9d74df0a460013b4ca9fa69794f7ee276127acbc90568c14a3509e4b55d;27/03/2018;2017;12;31
5350d7e596b29eb5d745c2a439ad93fcfcdb4a2fa3c76e3b629bb6af00caa4e5;25/07/2018;2017;12;31
7940aced7ece4817a62b94372790f8b8422698ffb9771b42921decd178004fb2;27/11/2018;2017;12;31
001e8c807b55f398dfe7b2b1d1dc32f6206898e96001984b1f13d34fb6dee93b;28/01/2017;2017;1;1
866b6d71328c66d896d03857da1dbde1c81aac054d2f146ef7fd175bdaea649f;24/03/2018;2017;12;31
cf9bc228fa9ddfeaba423f70d94dfdca12811f7a3ea784e5ac0f0e1ecabe2a84;01/12/2018;2017;12;31
de038b142bab6915fe2e00360b22e9d7408c969b1248ddd61801aba233c006dc;06/04/2017;2017;1;1
4131b09c5239a77f3f3eaff2c1d7b422671a8d7e52139afa6b4bf3ada4d29d5b;20/01/2017;2017;1;1
beed874d3d724732a4ca66adeb40bf868c4107049386fd84ef61d299b0218c35;20/02/2019;2018;12;30
00127dcad0a799fc074608e72193dada992aa07a3bfd01d9afa822c87b6de484;01/01/2019;2018;12;30
e98c88e8c0d92f24cada354fd04fa2926a1117e7804ad257d8088ad88f031e9e;26/02/2019;2018;12;30
6aadf4b05bab6887a13b8d89bf9a6f74cd6cff02b183177c652bfd80a1371959;12/02/2018;2017;12;31
60385540cae710f8d0bc7e5cebb538312529855e54f121f7795f6e2e40e57790;17/03/2018;2017;12;31
36a031d8f44b2ec09f1a7fdabe3b33aa1239c345347ea3f4ab79f09890ea71c8;29/09/2017;2017;1;1
94cd0700f3e6390ccb81606ba6fe2c1f9665429a2d62620e60adab485f5b2f1d;21/03/2018;2017;12;31
676ea15cd70ca024495a65552c0fe57e5ff8f5ac9b623a5987a2ea92339f37a8;31/12/2017;2017;1;1
3649dbfd8e33395776075866d7a10c05e8cf4ac0d403260dd50b354d98d96db4;22/07/2017;2017;1;1
d62d4ae270d95f5ce80570a16f35f2e8e77ee552b097d7c7d4f5c089a61ccc70;22/10/2017;2017;1;1
4f4d11ecf53446aec7d316ce0ff4a24651e4ee7c6f73987c71ae34fa9e9bcd4b;29/07/2017;2017;1;1
5a0926b477f1cd23d59959df4ab213675e1d20224e8b581dc68fc9f43c705172;25/11/2018;2017;12;31
8bb52cc6a0b36f14c75fc4ce179762e05e2bf92cfc359414a5debe8d997dbcf4;20/03/2019;2018;12;30
a59f1fc9c11287fa3c4d9ca2d03c760c3b4bb409dba2075593aa60aee1d012b4;26/01/2017;2017;1;1
d489be76da8d0aaa654cb62904f7083f1414d916531237b6304a5428aabe23f0;05/08/2017;2017;1;1
b9f98f1408a6e5e0f1fed75a684ee3e4f776f93b4463e074c935f294af3cf864;22/05/2018;2017;12;31
4063543002a2022ce680ba84e8a1cfd52fbba680f44fb1b245b20097ea8c3436;24/12/2017;2017;1;1
1f7b1264655b26b818c9217de76d601ea1cc55b25cd2894bfa675476815dcf0e;03/12/2018;2017;12;31
57332b84b2b6235376da59fb44686b30eeec182df7b1326ffe2aba66210d3764;14/03/2019;2018;12;30
a185302f03621f627b38ced13e668ecc3e8c14c69febdb0448f1098514685ae5;06/01/2018;2017;12;31
fc1cb4b7d116ef4a49ae84f2737948ebc9915f82af9c08dc154c7fbbc9d61f34;13/11/2018;2017;12;31
1a3aa30c9f227d59aa2bb12313bbf48cdb07ebf9b03e30d9ed0acd8b5f5617bb;15/02/2018;2017;12;31
aabdbb1b950f7c4e82132fb5f1e79332ca50c99c144a20e4c43ffb874b209e31;01/02/2017;2017;1;1
68c52e7a8a2a4670ab526d78a3876556e63d027954622bebb74ab079efc442ab;22/11/2017;2017;1;1
8b7f1d0e74eb3ea1c950053ac37549b568f08568d3f74a158aa93c6da3758be2;19/09/2018;2017;12;31
437433ad49f01b9391d5a618b0eb253a33f9a0fd38934cb858eb1df1dcf41f32;08/04/2018;2017;12;31
d6d2f8165359a38233fa075a1158be892ab7d08ee536ac587e2ea3f37e3318eb;20/07/2017;2017;1;1
65c9a37bea26b7ba857d1c5463bc57349cfd646e9dec6b912351502d83d056d1;14/09/2017;2017;1;1
4ea29ddc1d5c78b56154cbb0a04160ad287b062ff995f7ce63992a3d690adac0;27/12/2017;2017;1;1
df4bb44a9c57f44012e2c108c99d06292d37a254e36a291eaed7b1310c129030;10/05/2017;2017;1;1
f53a1740903a0e6d4bcccb7a9f8f8bd299723fcc1b86608bce3bee8c35470692;03/11/2017;2017;1;1
0842eed3941dee354a6957d7efd2c6e747a1450906e5e55814fe387e3168dfe9;18/12/2018;2017;12;31
7d76d87312fba298ad9dd4e6b87fa5a1738a16614e0cb78bfb7625f7acfa7177;25/03/2017;2017;1;1
1aafd9ea4916f46ed38bf2780fbd81dd9410a89b9998dbbeecd61f6c6cddcce7;18/02/2019;2018;12;30
a634f9ad1fda4d4c8159f232fc4fd0ad77ce58c9a1f039bec0e1cac94133b22c;20/10/2018;2017;12;31
bb12db780117d05e007e31298a2fef972e08c893d4857bbaec90ad1dcff624cd;12/02/2017;2017;1;1
5f0797f2b58a2548d1f804ac5579944ff4fa09d0856b0e4316b3c8dc50534ad1;20/02/2018;2017;12;31
8e833af5ce8adf86c99f9f1bc0ef854b27ccaa6f793071fef7ffae337fd04818;28/05/2017;2017;1;1
9d32ef43d05acd01a828ca431e0cec7b9652e8ac006b0b4b24ca53f42a091a23;16/12/2017;2017;1;1
bfc0968f35371a91f494461add5aefa65512307d667cf02a2fc93b813abfc6b7;01/07/2018;2017;12;31
9c7f1dc1b73d46a7406843c3ac44c7249da47848ccb7b571e2f809d4a29eba1e;09/09/2018;2017;12;31
b0112a742e99c55c26e6e21b636bfc7ffe56fd32aedb8bd41587f9948a5b6141;02/11/2017;2017;1;1
e4171c0a91f08131237f98132deb67dc59816186946c73c8bb47268827895f75;22/01/2019;2018;12;30
29f6b06b6eae23e32ce4cebbff8b65abf3589427cec5fbda5de94c8d3c58fa71;07/05/2017;2017;1;1
4e3ed414fda7f6f76f887459eb0b30243baaf06159130d8384394d6b5890fe82;03/01/2018;2017;12;31
d91e96dbd3b23d9b68ba564e3e9b9852494f583b8022d66b84a6980f2b6319c7;10/12/2017;2017;1;1
05a404ba99b61332512392b203fd7af72de40fb948f04612ebf4396554ffdb6d;13/05/2018;2017;12;31
92275a9da023cc5bab3fa849e77b586b6f310d079652c458c5cd1e3dab37e7b6;02/04/2017;2017;1;1
24db310a3088af044064a5349d44f52445a62ebd4c1ed4b4b159252d0e4e507d;24/12/2018;2017;12;31
da03027ed13d8666411ecb1141264e00225e2499cd2eb08ae51915248da6b521;04/12/2018;2017;12;31
b476b200811651ace474b3cab4041b27ff6fd45de57a8e17bdbecd6ed48294b0;24/01/2019;2018;12;30
93aab9d19075150a199d33abab73bfd936e98e99ae62de51229cbf7f472ae086;16/07/2018;2017;12;31
b01007ed78a253514ef0bfb41e4405177e359b1fd19df4b5a3e5ba4e0a6ec716;31/01/2018;2017;12;31
3e483a856e6ad3f7b46f3ccee02e9bcaa1ca40740cfe73ec9168d0dc4ab39576;21/05/2017;2017;1;1
6f403883d3021ce5cfaad88723f3919d91f34407b45b5225af0d2c02225e3d9f;13/07/2017;2017;1;1
9f797b2ccf7ed2568b1408d949d9fa38d555effe96e62b0f6b232e7f90df1207;11/10/2017;2017;1;1
64736f215b8fa40fc7f4671b339b6095a1400b979f8c1cb437a22e52c76640d0;25/06/2018;2017;12;31
eb86e0069e0ab2d074268fce184ddbae5c597acd22c0419b6d9b4bcfff56f21a;05/11/2018;2017;12;31
5f49c0877f053c1222d7f080bedae3e169d5cd2a18aedb52c8f77dfb70f5c9e5;14/01/2019;2018;12;30
bcc1a10164e47e763f79d3a673b9ec65bb5020c1aed9ff3cc8798814b01dc01a;19/02/2018;2017;12;31
12d96558d43e323ab1f0d1606c70e50e73647a01438c8b77ec3c10ea58b4d4ad;16/06/2018;2017;12;31
f82491a2a546234a2fafc088734c6e5728bf305c0b04fe350014b6c54c50b275;08/02/2017;2017;1;1
800b6abc6657fbac08983905468de231d77911bf485d5be729bf329c3aadc300;23/07/2017;2017;1;1
3d3ebdf42fb287d20ac2d072d3b20fe53188aafcbda4a4a2ba236cb4a1290f09;30/11/2017;2017;1;1
7035569e877b553bd460d8c5e3528f87579f1965ba8cafbf24afe62f3dc30ae9;13/12/2017;2017;1;1
3695a91dc784cae3b4ceadf87b2dc572fb347e9bb7a2b20f14725944f98c9b44;30/04/2018;2017;12;31
92aa68fce861d87fc4cdda0c814264f9bc765669774fd81b1bee14bbb1a4f7d5;22/02/2018;2017;12;31
6f948ffaa9c8d87cf5c9e9d2307a28e84442f5db1f07ec1119e84850d616fa4a;13/06/2018;2017;12;31
eb78d63823b128f93be77471b537a2049dd007586df8ac17cd5d4413ad59435b;22/09/2018;2017;12;31
19f1e42f6b993c7aed75a9b528bd795382c7ca1c4c31fef727a4277aebb83648;19/11/2018;2017;12;31
7fcb119eb8ccefe5b880ef990574a6326c914560421d4cb4091245761e057bf8;06/08/2018;2017;12;31
120fcadaf11a995cb272677447e978e3551980f468914f5b43dc0a489af57595;24/05/2017;2017;1;1
2a00b526fdb19cb9817ce57dcac48e3dd90664c6009035531862f039986c48ac;09/10/2018;2017;12;31
b9c8963f77f3f3ff0da5b406f4a06bd1c425bd8bfac178c602e2b6d4f14b061e;18/09/2018;2017;12;31
3c533bd4a613a3f60ba25b900eb3b84ccdaf262a9dd2ae91fc6f6470d226c932;26/07/2017;2017;1;1
5302b1d100db047ec2de8f9c33bab5424c233f09423bf5fd1ca12be4b99f3888;30/09/2017;2017;1;1
213a372f8db46015cc111d358363d0ef14b0e5950cbe27ee0254b0d7e32cd31b;21/05/2018;2017;12;31
c88d5e82eac12ae909c7b231c1e79b2580ca943d3e7501d4ced7b89a3ee8072c;14/01/2018;2017;12;31
851ea2039ab6f2979d390543a671462fbac943138c0d4f7a0cdf6f9d7514483a;21/07/2017;2017;1;1
c6ec9e332fb17881de4e6add8a451fad3179948ae800a4c97fba7fc70bdf3310;02/01/2019;2018;12;30
7ec74312a88ad6352e761be28b02c381aa8e8f62d31db56d6c6e7a2f6cecee7e;26/11/2017;2017;1;1
5c212bf6ffabafee1efff6ed89b15bff604c1ccf9d089dc106b53e6fe2411d69;09/04/2018;2017;12;31
bbc28971f501c1132b1f68ad65c64ec20a42bd1ca60ae6901eb5ad869f526ac5;08/05/2018;2017;12;31
c927eb6c6dd4b16a99e96af18497017a2014a6590b5b391541704ed2b7756ccf;15/05/2018;2017;12;31
19ffcb78a844f5a67b9219baf5af63558df1e9b2f424dba3eb61b6f521d55428;23/03/2017;2017;1;1
5650f40cfc30ab98753438468344062cca3f2fb8231feca68fd45913eda09399;29/01/2019;2018;12;30
9f49469972e28cb697a7a4e582584d4b8f4f69f1835263687958feb06c24b52f;15/12/2017;2017;1;1
ed65a7ae7eefa05ee05b2a5e20c62b5d20356677f1fb194477cdc435a0ab1e0a;14/04/2017;2017;1;1
bdfa693812319fbdbf8d6f9e34d85f1a6a17c3e6ce7ccb60fead256e9b705499;05/02/2017;2017;1;1
caeaae73f6ff2cf1dfa3558c9cf8827b7bd93a01c4c66b0f72349726110186c7;28/01/2018;2017;12;31
adf557e3822f0baecd28215fd967b9f36eb017eac4b0398e55baaca30f1c2223;19/05/2018;2017;12;31
5c4a0e76057c7bda9f1b81cbd2aecd718c6971451806a8ef8390b3b038bfcf1f;26/03/2017;2017;1;1
a875762edb6076b7d27a46cc24056db66771a6a72e0b1906112bab2ccf10b3e7;17/02/2017;2017;1;1
914795920e6bfe882734b3be62821c00b71c641d384f162a1313418e3d14d281;10/06/2017;2017;1;1
8f01a23bf6aff6a7cec656f2fe854311c167e6cbf1bf4e9b42e01b1a4c6760f8;08/07/2017;2017;1;1
945b5eb3b711e645cd5fa8dd3cf6f95312214eddb9c6fdc153b17c44392aecb8;17/12/2017;2017;1;1
08a6cfa943e661dcf068a76258dee315326ad450a72af9ac3f86287071d8fb1d;21/11/2018;2017;12;31
ed0cacb5d645dd255be8c9f26439d3f584f5c82570f1d5e28ff5b6085d68a9af;27/02/2019;2018;12;30
b2392bbe92e27c8db3b5dbaf8e45ad2f74773b089e262bdaa88a16e1d4ad96b4;06/03/2019;2018;12;30
9150a472ec0e68cf30ea0cec30b692c14b74952ef8dc8117f5d94c2d086e4cbc;20/05/2018;2017;12;31
9c6f83f256a0040f502f4bd558805b996d70f41c35d5b027bae33c216fc0e064;08/06/2017;2017;1;1
508e33a33138f1bc80fa419b5a4ac8e24b3d2de37a9f7095f46b7c4acf9a9452;21/04/2017;2017;1;1
c9ccb99eb8bae8f0fb6c1acb00d62ab186b840d8e9015604c498d8fa7aca64d7;07/08/2018;2017;12;31
0f5221acf2e427f42c54739403f139977564f5f048348e9b49314ddb6491d7af;05/02/2018;2017;12;31
86b8b165d1618ccb8fd405978bf85192ec5c22297b69b44051a2a17dc299ece5;12/10/2017;2017;1;1
df6c6d9126303d7213a8438b767a5c75588079c53c10ad8c6bc7b56b0c08d489;10/02/2017;2017;1;1
5e98ac862b41f3f244c80c15d62739761a7e5df1cb4ca5cc0f92fc8e6a21fbbc;27/04/2017;2017;1;1
c86d66caaf5dcf257717bb2a598b6132d98066ffaf8c58c7cb30b1412c99f0f0;12/03/2018;2017;12;31
5f82dc40f4cb290daccb5fed9851e6862abd8024d6d97ba70e94b4225a55d5aa;24/09/2018;2017;12;31
c1f2f29229b4062612510d8cfc5dcfa3d1d6d8de59d3253b789e06c8afd90181;02/08/2017;2017;1;1
a61e5018bd247e7ae0b9c4c69a5f6b2c20f5b8d3f04e1ad3f9ba3c0b8cc4347d;29/07/2018;2017;12;31
c5a5b2821011e3dfcdebb86979b825e8243f02b7e1db55ecebe1e50d8b5c3291;08/10/2018;2017;12;31
36fe8487b38dd3f215f1c50e450ae598cde93463c85f4df5eded3ee538badea6;27/08/2018;2017;12;31
87d432e354998e89990fe20b75aa5d065368fa7b1fa26af5cc0c14be5fd72448;28/10/2017;2017;1;1
190567982aefd0112b61a9bb2b87f935f80e5d25ac777ca447d95d4fceea4e00;17/02/2019;2018;12;30
9493fdc7d1cda1eabf04dd870ef75ac31d36c7ab154bfe037cd01b0590a3be4e;18/04/2018;2017;12;31
fe0f6dfe452de59e508d058bbe89f35a8727133994d31b6d1697631a74d16e47;12/12/2018;2017;12;31
d36b34fd90e114a36106cf34670ca7fe0f8aa77a30a2816571a4719e261d7e26;16/01/2018;2017;12;31
3c8e612d61152d2aba6a295e0e625f0cf2ed7aa1265783df370a907b3e73b70b;19/03/2018;2017;12;31
9fcb48064eb997b9a6f6321b10f7d07df4212a35c6c410bda079b7a8097113b1;27/01/2019;2018;12;30
db189f40fef701ec444aaa3ab7feea4828f58b4dcbe166baac41222d8fb8b95f;18/07/2018;2017;12;31
a2c1b3f0f147a976144548a1a9348dcfa7c96d146a722278556d1c42164efb85;29/04/2018;2017;12;31
0256f92c99bdaea483c87ee0562cac7d9e60ffe58b85c5e114c7800a29a8805b;11/08/2017;2017;1;1
ce1f94ad2cf66e29b57734225162698589c44a64e3e955e3bb8de9b95c9e9d5b;01/10/2017;2017;1;1
57232d99846ca24fea7775852ae3c405660f93b8ebc48f9fb334b245d9794cfe;14/11/2018;2017;12;31
1dae46efdf279e0beee072a3ec35d8d4b6207f1210044681ef12c6245711ca1b;04/03/2018;2017;12;31
9bb4edb44b994ae820ea945d026c07b09a86e3da14df018461c92910b75522cd;31/10/2018;2017;12;31
446bcc7703ba7d37b4620d7d85010964739745a068ecb5c804840bac3d9d334c;18/01/2018;2017;12;31
e7830010f4b8735f91af1602adfcb63dacd2f89a87b83df9f32a9879c112d1dc;06/12/2017;2017;1;1
d0ba64a36dc3563bcb2716335a3e9061a1d46665c0ff7ac9799233d33380cbe3;28/08/2018;2017;12;31
090a780218fd25ac7c47c4c3b5bf639921f8df2f77c467a842caaf20e2e155a8;10/03/2017;2017;1;1
a5467bdf10fd959a726d57287c6bca9b2bd9f4fa6aff6520c2f530618e0fa55a;28/02/2019;2018;12;30
6c37e1d63eff2397edebccd8ed296f03d62b193af5037ac5624512dfa878a8d5;23/01/2019;2018;12;30
603c557368dc2604aa120708c7e002651d890631f766642baa2728cea8038121;17/12/2018;2017;12;31
e9db55893b7b4b2547d9dd6e30cacfead8d9b917c300029cb72b7512c8047086;05/04/2017;2017;1;1
e21df0d6047549d3bd030a37562bc61295d0bfb93806fa2e9e694b510617ef9e;01/12/2017;2017;1;1
10f249dad5faab3061cb4e9fcc568848bd83bf486e29dad1f7dc9a5aa7ae8426;26/08/2017;2017;1;1
c19e5705d8e20871aeea8da358124dc87f4b4e43678a452d5c4944543b3884e5;27/02/2018;2017;12;31
4b6fb5bc62d751427c2b7d3a2c1c516cfb3b3421c6d316c690737a3e42f6ac2b;13/05/2017;2017;1;1
bad51ea8f525ac04f295821e52d9237415ac8c69b5ebcd10ef0a16c1488aad3c;13/02/2019;2018;12;30
7fa3926e28661962e18854dd71dc4fb5bc5f84b80a98ad5b89820df48b6717bc;31/07/2018;2017;12;31
71500d226fe69547ca667025c183b50ac70d6af03a52f03587795bdf720a1b72;22/10/2018;2017;12;31
5bb2273579dddbfa720ee50ec2039bd4ca1cc399a9be27727b0ab31594745eb8;23/10/2018;2017;12;31
025dc6d5094c04324f820f44a7538fdf44efbf25ff1d076fa35a7b15d533bc18;18/11/2017;2017;1;1
7aabb46ed1f9114a5182dac0ebd700dadf5740b21648157fe6dcc9942b8185d4;17/03/2017;2017;1;1
ed51a46060a0b2bd1cddb3ae6dc9ef82c30760128a2e4a47d076b5f6862bfc9b;29/01/2018;2017;12;31
c27177e27104d7c60b9f10a1bf1d62192559db92b7cc791105e57ed3d4eae235;04/02/2017;2017;1;1
22669b0cf93a5f5601f047eafa9b4da7ab2991583bb761c46180dc2524fdba6e;29/03/2017;2017;1;1
fceef0068839a53d155c84db318d86b950b6f69a6954e84ef30ac6c5e00b5d4e;01/05/2018;2017;12;31
0824c11a80b2d0178aea8c208fa481193f8df3ea4948fefb1b5c2dd9c6215449;03/11/2018;2017;12;31
369d63e609d5b3a05b13fa5a3d5d349cc0392a8e049131f3249faa9912f79099;25/02/2017;2017;1;1
2f9a6ad81e0e5f4898a9d1100292feb6a2c217fbf15023810bb87832ef894635;27/08/2017;2017;1;1
9579f3037a46a2c531b967e403d65f11dc8f4b0f22be4bda07d64a843c12bb58;20/08/2018;2017;12;31
84c94e2c2ba58237ecc921080c9236531ae03d10358a6f49a6ed9feeffa15f48;10/12/2018;2017;12;31
b479c0f8051b9e9fccc73d2b584fc5a7959ba24d8c3d4ed0503dd0816bc08de9;19/01/2017;2017;1;1
24f0be8ef542f9bb098919094d3c5e46655cccc3184c5db33ad4e0e700d921df;27/01/2017;2017;1;1
4a12aec259c3ff37de5b364673f8450e7d7ed2eb69961c676c854eecd87efae4;02/01/2018;2017;12;31
c7ceb85e89d25fed8c30b5521be82685f7f110f1c63c93ec91e98766953fb7b3;02/04/2018;2017;12;31
4860cd67d23b9026769e785a453dcd049a420557aef87fc202f127895eb220bf;17/09/2017;2017;1;1
9204193e8b8e1069c0b6a04da79ca5c64cb798d78173145aba9815d3fbb10a3f;12/03/2019;2018;12;30
41b7803f0ecbbb1fcfcd62d71084257b45d3fd32a97dd0db4b26aac3ad23911f;18/03/2017;2017;1;1
33445ca645f997bcd7e7adab81920f5025441426b9e47951dca60e681b159dcb;06/10/2018;2017;12;31
f30c897b57f649c016b37a0cbe4a6ee3c852604f165047dfe64e5f0c02f99fa8;25/12/2018;2017;12;31
0adbfb6d6c3b9083691d13513b7e2c74822d25ff7a7477214dcb6f3f49b034e7;23/07/2018;2017;12;31
4918bea9b719f7f4f348b4826cab8882e86de2a1f832faf61ca29518869ec7f1;11/12/2018;2017;12;31
09de226419078d4098fb1890da11ce5f4be1a520220c230277fca57c30ecbf03;21/01/2017;2017;1;1
5f24fce834c9fc6f1dc5934498f51d54bdc5242976842c02b24dc13b5f40acf5;23/04/2017;2017;1;1
621aa2464aa46f6acbbd9fd34cd868582857ac43d89c53914f2057036b19ebeb;22/12/2017;2017;1;1
ea996240c515597db9e190eae5932ab2c8995c1d223bae3fefa7339acfa6a610;22/12/2018;2017;12;31
e55037cee6a418340980fe958df8934df4797ef4aa1415dae6d2a64722e9c925;22/01/2017;2017;1;1
027aa050a19e3c7712ed354442695bfe7a490473ef8fdbb0847598fbe3e4c326;14/07/2017;2017;1;1
65985d9e977d02f8876e7d65166034eb82a3984a02185322beb056fe11e5430b;27/07/2017;2017;1;1
07dd4032f1a934b3fc9f2974dec0659684826dcce73faa9955e22a4d594c54cc;20/08/2017;2017;1;1
bfa361e75c1dd64c6dedcc9fc983d19d3545068a9755b4323be2a526bc29e91a;07/07/2017;2017;1;1
f2b1ea6b4fa5e2d323d9d189ce7843bd206b8c13cd7e402f998c63594839c1c4;28/05/2018;2017;12;31
be6760c2379bb56202450ad9c6bf00dca0bc89d75a261661473e26d6869fb4f6;29/10/2017;2017;1;1
871b5ea419684c19e389820b647420b54b382a6ed5fc6f87a6eb508cf62a5408;31/03/2017;2017;1;1
7a408a578bda99388492cca8bddedc24bb6e1543455b6717b5585a04e7d0d96d;25/09/2018;2017;12;31
811cf0a1aa5c3d43d3a88166cb33fdba8d282dac50fd9d3b80584403cfa456c2;06/05/2018;2017;12;31
eef33caf623b8d65b0ba0e0b888fd80a6bb5cea8edd4c69865899d701cea1c9f;04/06/2018;2017;12;31
7145346de2f828ce4f9fb7b5fbbc3b6aaa07713cb9773465001fc55360eadebe;12/01/2017;2017;1;1
018be797607d0858aeaeadccbbcf9557746d826cbdeff5a7d8f5fa35f1509389;18/01/2017;2017;1;1
ae516b6d407a5419e49a9e1be14db96a741d1474bca5d93bae8d8c25e71c0899;27/05/2018;2017;12;31
a6122b7983ecfc0b1cc52a64def98bfdee0d70729b004d60aaec88a625fd845b;16/03/2017;2017;1;1
f70e283fcceddb26b5cffabb633917fb21059eae3b36d15ae4caca860e556ee2;24/07/2018;2017;12;31
f6618756e98366f3e0d287efb2e496ec000a4e07498400a3583c78e16a3640ae;03/01/2019;2018;12;30
2e9bb39ab7b819b9a8f43f29c6b76f6096d157cdcb62049d6e1e99f4bc625e31;14/12/2017;2017;1;1
126c8b51d8957ba7e58dd16f31c8d147e484ed64bf6d88f6ccb44979727df46e;27/09/2017;2017;1;1
73b52898e6169c7e77a58b7eea50e3d2558be702157e8f6b59cd25438e36e001;03/03/2019;2018;12;30
ff0f6841b9f2a1848712c640c4f8400d9b7e6717e8a4b1222cbce9e0128964e7;04/02/2019;2018;12;30
07e0186bb9f9e74f660371bb04fe3df278ac74c3dcb5bca107c83b2828cf1a1f;05/05/2018;2017;12;31
043168d99a783b91d73e7c49920f46d99ff96899f50180a943c97ca54f4bd5fa;15/01/2018;2017;12;31
67e00b5f3f07fbc3f1cdd87ecf420947ed8d9546ef9a12339583454af0896ee9;10/11/2017;2017;1;1
bd8b396c61497fbeb6ce0390c1b9c2fee8b01e123178b02f43be98e69f4f23a1;09/01/2019;2018;12;30
3c5b76663376d744e39093111a1e9641de474809f7f1ba95aaa4fd3dd888ade8;14/10/2018;2017;12;31
1f6604a17076230859168b48305d2434a23f9fa2fd998dc671a9d687ea423601;24/06/2018;2017;12;31
2f8c36d7bd4c0e08542eb85fe1eac9937a1ff10f2c4897c29687a933358aea82;18/05/2017;2017;1;1
82dc902b23fe18a06f85e346d6171f7262703b64eeb96f199b309b2da80251da;29/06/2017;2017;1;1
40a393c58d11fb0eabf59ac0e324e2ce220a9041df2499177f3e6f70dd1423ad;20/03/2018;2017;12;31
49e8b688b0a1aade5103fa46ddecca7894f77e75939a4ccf1524e2f405a93663;25/06/2017;2017;1;1
20bda380dcb2dd399b78cd1970ffad71a8b76c5543318e68da229e4e11bae762;10/10/2018;2017;12;31
214f9d05eb174ac607646b7b4d5a230a70aa83b9fead75c5bafa150c279e5311;23/06/2017;2017;1;1
738e36010a1d1687d3303bef2dadb59b75523e90fbd3a866e70080c0af1775cf;30/10/2018;2017;12;31
eb8a8805d1e5961b53f72e357c3a3431688286b68f35983ed2268040a9e81471;03/06/2017;2017;1;1
0234fa92680541de58ae7443b052576bc0d3b0890853fb81f1e0ba2a6ee06f0e;29/10/2018;2017;12;31
0b7d2d8de3b86146f038d242d80355349a8288f307677483ba5ab96639f12999;10/07/2018;2017;12;31
d7337ede9900e8a7d5409b03d2b9d7605c7abce09a1dbc46b69d4a785e38c6f0;19/02/2017;2017;1;1
49806946a72fe3976bf86d8d07b16deb2c92acca33b1715736242c15bf3db5e0;05/02/2019;2018;12;30
26b99fbc6dbab3f4df08079f735221e5dc8816236a811e4830680536eb6e8535;15/12/2018;2017;12;31
71fe5de54d91eef139b1918a428a811c72336510dd53ea8ba349179e54a3b843;12/11/2017;2017;1;1
46a93d901e4f098506e3d5c94e9d2fd2bc3442be5811386c1f05da19b3b1beeb;18/02/2018;2017;12;31
0fbd43b65981958cd3e010be9bbe05b869eb24c1661e5090b8fdea42dfc3b0b3;25/01/2017;2017;1;1
0941cb20561b41623303c059591daf61a756d827a69618cfaaaf216aba1c0b92;13/03/2018;2017;12;31
c5fc56448d4440195f96630ceabfb7a16a3e6876be57f1e57f59d82e656148b5;08/04/2017;2017;1;1
196fa94be7f887423ba10dc692a4848a27cd0c1205c631dfac20d1db170f09c9;19/12/2018;2017;12;31
30901629d8b707d37393e66fc9bde0ee37ccd9ba495619c5275dfe92ab35abbf;03/09/2018;2017;12;31
e3506b1d5037e9b8c2b8d27cd07279b730aaeac1beb7eb275b219aa88caaea37;10/09/2017;2017;1;1
9b69dabd3c78140ba96006837c7806c99dd6f1c5ac954bb60e39beffc4fac0a6;10/03/2019;2018;12;30
6b6bcebe646fc05d4687fcc9aa010382705441acf964e4d81fbd14dc7d8f3281;21/12/2017;2017;1;1
4f6d6d3eab6580cb58155b69b403ff78901c2a40cf68432eb41b0014e3cccdb2;17/10/2018;2017;12;31
a0dd683cd68f4d219eab7e70e1fce8ec334b6f7f781198801f9a8022641d19a3;03/02/2017;2017;1;1
d1e060f92d5b7fcf2e9b0480e7dc96dc514aa3c80159563638eab80b19862642;23/09/2017;2017;1;1
d8722f46ae2e36d98cb9918b683f7254761b21cb82cfef59f1f7e57323baaaaa;20/10/2017;2017;1;1
6077365484e8eada4d4d372532668d2b9dd867d8a1656b924580ead47942bab2;28/07/2017;2017;1;1
21a0d5c900a9b2acb81ee522341acc749cff901dc3c2e670c9cff077bcbec156;16/12/2018;2017;12;31
13cc8ecf395e9d73ef4ff8078e7b3dfe61e5daa2736940f4a574aaf6e41fec6d;01/01/2018;2017;12;31
7ef96ab473e5aa56b5fe129f5a84927c83da5ee276ba12787b5e62f83005d9e4;11/01/2018;2017;12;31
6f70cd2e729636c94c167005dc1488dbadb43ca4a5947b855b6a9c2ac9f7d234;23/12/2017;2017;1;1
cd71debe32ce15d540c068ecfc3d87bfaf9f870fe1a8764d3ac44119e4b9c72f;22/01/2018;2017;12;31
75e93ed538ff6d95727fad8af4711334cbf549660de07799d3432bfe103e060b;15/01/2019;2018;12;30
591eaf57ca465d290d37950e07f56d482b470084edff66a32401973762bd3a2e;17/11/2017;2017;1;1
c6d30a708b43bdc7959bace0dd9654fbc1478c0f42f2051234fb3384e137fa64;08/08/2018;2017;12;31
4a86edf3090d62a916c853189f0af6c9d037965a8d6cd509cb2bef2f937e66f7;21/02/2018;2017;12;31
28817c9317f2f3c758a36ae31d36575d71e477eaf611efb79479fc961d393df1;03/09/2017;2017;1;1
8cf99955a3ce93ae259cd326fa7b8ef632d243c157019a56738c4c6ba08407bc;31/12/2018;2017;12;31
f9946a232364f3ef49b1823435bf29c641178fae8102a682ab9b697c9c28712e;28/07/2018;2017;12;31
f8a200f63a26170a7526cff10f5d1916bd27e6a6151e0686f9ab971402277706;02/09/2018;2017;12;31
2f389e7528289590b5d904d5ca499383682ace4f5347e1b62912713d070082af;03/07/2017;2017;1;1
3c0af8f32c5eff8bd359050dc4c2a72d4c2df9905dca479fad38fe963df3fa79;31/01/2019;2018;12;30
d5d6753deb4a21012ce470d5662c8a1146cf5122ebf68ee150cf290dffc26fa9;18/02/2017;2017;1;1
5561ef63ba15965b744d706e5e219b4236d7feba1ef29d62c563e9bf01d26bc8;02/09/2017;2017;1;1
00d4c3908efa5b3778eb1210bdd2d32612f06d7842717d3c4481c77a71667244;25/08/2017;2017;1;1
3e04c7f4f0457a0907a03b657fcf7d5ae3fcc381d257c3d8702cbc66fa6c0626;09/06/2017;2017;1;1
b37b2c3d8000c51f1a86e0b8e3c894dff4b7c17a53207128a7774f252013cdd7;01/03/2017;2017;1;1
6e2e950a11a035b2d33ce3936bfc3de047efe62a860e209b7332d0a409107f30;18/06/2017;2017;1;1
ef9140dd15b054b17c2c9c3ea470704e055ead5434896f21a90abfb33e4d7af3;30/06/2018;2017;12;31
79be2fd459c5bcbd49eacc91a69a2d77a84ba70ee1eed5e3172a7794646bb89d;17/09/2018;2017;12;31
5b156a359f6924d9278aa9583829750bc4c737740cd5746437e4123cff204c27;06/09/2017;2017;1;1
bca8c825e2023fc25bccc5580a4a27c2f2e43bc729d938a339e10d8bb604a463;26/03/2018;2017;12;31
2743f497dd13f7d1b1eca5e8e4c62d701e15cfca3ab6cc01fe7e096804fd672e;26/08/2018;2017;12;31
35f73a2c64d8f3deab1c923d89fa6bf13a7f96fd9559aefa82439e64b80fc18b;26/11/2018;2017;12;31
31401e3a29f3e2a64874a3633019dc3d98474ffe2486ad81b2bb46a151f27b0b;15/08/2018;2017;12;31
75bdb5ad90383fd51d318f00f7f21fe836864caa613965fc2c32b1a07002e6a0;07/02/2018;2017;12;31
fbc198e1943299bf68066ccdd5b9b220750059a22e4f8a95324fa082ebac02ab;04/01/2018;2017;12;31
db393a20f779b30031d9953d27682fa6be50af60a63c6db2ecde46922aa48b2d;27/05/2017;2017;1;1
68a5272cd9406c859091b1800841f6bb57b842dfeb3dc30382a9675950597089;10/01/2018;2017;12;31
eb7b4c0510c45993bb795b2f455a61cda7d8cf3b34572fad1199e6eae3da4a20;07/02/2019;2018;12;30
6e17713b46731dad52ee0888e18bf36662fcd38e99d9b0efa731b0193d01c87e;15/09/2018;2017;12;31
ce27fe10fe4d10ac06b95f2fd15d8380aaa0e44f1eb006647d91d0f78d4aa3dd;16/02/2017;2017;1;1
1f95602ac2173031436ca4ced2976b5b7c589d2c9caa5cbaaaf42a347a713b41;14/03/2018;2017;12;31
83d5997c10ae151a4e18276c9a4e740ff7c010881d1b240a8e6f78f3d54dc01e;28/01/2019;2018;12;30
e2107885008a47fb640f4b7de52d36b438f329b70ab92fc384ae7696b418189a;03/06/2018;2017;12;31
74010bb7c2ca7c9cc3b339bd67fa1e4213db2c7b361046732eb03cd79a8e63a7;23/09/2018;2017;12;31
969d8ecf41f7433a1838f2d2b7ee4b982bc683f31bf4ae171efbc015d30b19fb;11/02/2017;2017;1;1
0d595bb76dcff87614172122b741bc6409131c37fb11cac4f42ac8765bb82f12;11/06/2017;2017;1;1
2afabe5bdd00ab275e3ee9716b364d263a2a0799f50bb09c41c956f28fdf7518;13/08/2017;2017;1;1
287e2ade24592fe7c7389f3221c4c46215b5cb5b7795df5901d13e9de48e36a3;10/03/2018;2017;12;31
a995352a530c8b06ef0593524d1e695a8dee7bea2925907ca799df989ab6ce05;08/09/2018;2017;12;31
81840a2cbf5d9df8647992635430fcb05df9d368dfd5982cb58e992c315293c2;20/12/2017;2017;1;1
2e9bed9da4123ce9f517de6ebf239138cb3a055751a66caff6abcfafda5e49d5;17/04/2018;2017;12;31
7fd14c0eb0f9bdc112f986cbaaad763831695c5160d58e56bdce4c6649a6869a;01/04/2017;2017;1;1
64e33de76449e932e8dca2dc0e632a416630c209b011ceeb6390b904472eae1f;04/09/2018;2017;12;31
ac0755607d78e01912dbd85b91631dd9d3c4ca0b8607adf3e3bc104b3dc2f0f5;10/11/2018;2017;12;31
6dca6266c323a355aa6e4fc3ebf815f1d433c6c4e59387b6b9aca5bee4a3731f;08/12/2017;2017;1;1
2496c1ae6684dd3ddd57f013f4e64d8115cc7f26f49b8ab6db5b25b5db5f1bc3;26/02/2018;2017;12;31
ec1cc0bedc2e5a106ad3c2f3d83ed60f3158a3748476fc709dab9e00995bf089;05/05/2017;2017;1;1
88d0070f9c05e6cfdde104016e7c4f22ee52d6c8ffca88ab3fa42f5b56199ebb;04/08/2017;2017;1;1
d5b414e8e36b9f0867bd3a794dd21cf5c8d47fbdd927e72c33ec91270a38ecc9;17/07/2018;2017;12;31
33b437751edb8e3e5d9191989adf0cb4f64749e386dc330410a0124c642345c6;28/10/2018;2017;12;31
1750d399f60aeba0283694a6db4a3b91473abd1389af0abdc5ee25541971b927;17/03/2019;2018;12;30
375bbd61141b77f776797ff83fc46b4f964411758d28fb0b0f8b541811d3a0e8;08/03/2017;2017;1;1
65e7d9c3dc07037eb9dfec6e646353f5378b919af1e1bf787540dfaef3d9349b;12/06/2018;2017;12;31
ac4bcde25e68b9b6b5bebe922763f5981d606bdeb344e57adf949e3c287fb806;26/05/2017;2017;1;1
f87ed191c72d27f6b9f6653ef1ac190a09a02c037b5061911cfee1b760d3b866;04/08/2018;2017;12;31
18bb7bf49e0d453e0fdbf1a3b00e242b859d9a8cc173f98876ced8edc96c8878;15/06/2017;2017;1;1
1a7dfce25988e5ffc9bd308aafdb928c9b7c09aa8995acc4a35cfc06626e75bc;19/03/2017;2017;1;1
925c954ad6068c6a61517e3b73652ecfe074a45bb5ba6ecb19dbe1ddb49e5cfa;16/11/2017;2017;1;1
cb178ac766bb26c0fa59c8f42daeb641b0f2dd89fd78613f1de507cdefd208c0;29/05/2018;2017;12;31
acadd322c2515501645c65b20233c4c391efa041adf60e2719eebfca543707af;07/10/2017;2017;1;1
9a17df840aac9876d69074f59254169dc252e409c7a0da407fcb500f4467f799;11/04/2018;2017;12;31
8204807c96f2d087441c5de3e2b45554b5372c09359d00a058d644f6d5cb5555;18/10/2017;2017;1;1
a21e12d9d60e6d84867634d7ce28f22c9458e14784aaa2758f2615a4e6da5313;23/05/2018;2017;12;31
a3441d3d9662a1e2c994ec65d13bf24d7c7f808a2968b429fbf7ebfb1f0d5100;22/09/2017;2017;1;1
7cc35ccd7a13d9bb91359b5a27db4ade5bc8ee1fe36d76fa9a9fb37918c5bc44;02/06/2017;2017;1;1
23558013a77675c8f07055df7683cfc259a57de16268a449c3cb1ebd5e710fff;24/10/2018;2017;12;31
1d0f6670c816d89712ea327c908d4195339f6e56040639e40fd04723f93fae5d;12/02/2019;2018;12;30
08982cad477e42ec1527b466eefc8ef19dbdaf804e23fb0294c2edc931fa0cbb;24/02/2017;2017;1;1
a83c97d43335719037e348b05c3269593cf016a04a66ab92abe8a176c52fcb0a;08/09/2017;2017;1;1
687489d84c6adcbf976375995bfae628d6cd0816b9ff2f6906063e34105cd799;15/07/2018;2017;12;31
5a590ae0a6e8aae79fe553fe943cae001ef60d39cdbb1be0847b3cd846b1ab82;16/09/2017;2017;1;1
e95b494389fdee114a575cf7ce9716370760e930f09eadf34701c5a2326cdd60;03/08/2017;2017;1;1
f7874a664d305c583c89dc32f2f8d14a655b02555a394649f20b5a6cf2f6b4a5;11/07/2018;2017;12;31
039a8856e30e4bf84c6f40ba2ee1bbb8c811c3095edc831309c550dd75f856d7;10/04/2018;2017;12;31
8dc82b122e5c9fd1a7dbb0cff759a487a4f96a98c6a8fe0ff4949bc0a060d22a;11/09/2018;2017;12;31
c6efc72f9b4cf75cb4b887be44b713e627e81ef25444c2b0fcaff8afdaf2f0b3;01/07/2017;2017;1;1
15662695be7f340d824179ba0a9d2e5887cb0e74b2fdded07e4ab651e1096bdf;08/01/2018;2017;12;31
966f06930bd0ea7a4e6ce01614d7e6c5daeb12566b607151b2468e5a51c98956;29/09/2018;2017;12;31
afa92607ff5ad5868cc3aa89d96568c7874ed886263fe288bdf59b4e62f13ad3;19/10/2017;2017;1;1
c771b5869f980a36326a04ebd313c28b58d53ac2251efa918670e08bf3e4de35;11/03/2017;2017;1;1
b18c138bdd6272149966bcedff1d75d5c00484eadee2e523f9793dd0e72508a9;22/04/2018;2017;12;31
db44a45cc4da98f74fc1e3ddcf92ca44f0160ab32f4c85da7a84e36f7bf961fb;05/07/2017;2017;1;1
3d76760c335e20e673d0bb5e8bb86a04dceb8c19694d994f1edd593ecceed08e;17/05/2017;2017;1;1
03a763284891a61e4060e05b22871a1415dc2b53071ad526164b31121157b7a2;09/05/2018;2017;12;31
740eff592a29b03e418812ea6a2e0eeb444e7e224cf6861dc7d9990fae471d32;01/09/2017;2017;1;1
1508bc904ba9d69520f163c232d4c7ef62fbcb366b385c39f5ce1994300b034c;02/03/2017;2017;1;1
ba8272798465c98407d5c47de29b4ec055cda855b8f1385dc8087311dae2e6ff;03/10/2018;2017;12;31
1dad65c510b93262790de91c1876a8f2fcab0751f9554fd3e3c4c4c261cb0f18;28/06/2018;2017;12;31
f2bd8b87f0339b478b03f9365d0e343244287e1c9b3e24df070b0d457fe28eb9;14/10/2017;2017;1;1
c58dcea1d3c8879e3c903956d0bd897ff0e37dd6ab26bdd3d9fabe771e0d2592;11/03/2019;2018;12;30
1c5fe9a53c32a83741a7f9cb37a9b86b39e491a32f2afaef1351ac6ee893f2f4;28/09/2017;2017;1;1
804be5f0d417fed77626c7a8e8cf9675dc8b80e94414816437902de16a650f3b;10/08/2017;2017;1;1
6ccc883ed9e1970e25dc20232e499047fd6ebb7b3439fde96126336e2f393d67;04/05/2017;2017;1;1
9fe618c6f8e71c2c0f11e34ebeda81d79b5ec12e67792e879c5ba7eb21f28039;21/07/2018;2017;12;31
fef325b8f3cb578b5f389b69ad9fb5ac2713f086aa641e9a5aed92dd04672968;13/04/2017;2017;1;1
1275da10e979761f884dd8a596881d9366b1f8ab6d7d445521785413b3cb8180;14/06/2017;2017;1;1
50851f0d029749e8322f9ec47ef2927041b18dffec89aaf7164cd23b5aeef994;13/10/2018;2017;12;31
4686f8d48fe0502e58ecfa343d9720edd51347c648831cb4cb19ce73a3ad85c4;21/08/2018;2017;12;31
ae66198b4932a973fe6990cfda014d05059a5619d466564c7d3b977904362ddc;19/08/2018;2017;12;31
b563b85b83f1c17abd1a11e0525737ede7866232c36f2f9615edeb1151f93184;25/10/2017;2017;1;1
e4c804fe5db2550229aaf2afd2aba97a7a31fc2c2189715e8b41ad8daf7e198a;02/02/2017;2017;1;1
6384d1aea770566fb4639893b8736e5760dcc4ff3cc0a50869dd9b8d9f151ae5;21/10/2017;2017;1;1
b6946b9d0c9abfdb26c3ec0a71d16b9cb3cff35219160ef2e13bf892cd41bc82;30/01/2018;2017;12;31
374b13e63883b5319e85c5c67e8533d0e34aad23875820af0847ac86c88f421a;11/03/2018;2017;12;31
fac29c989419682bbe6885b9e42c54ce6db9ed80e27cf037ff5995f3e08d5540;08/12/2018;2017;12;31
d4fec6c8390843f70a2e73eb5c94891943ac1c82d54b998a32519ad5a5f5c149;20/09/2017;2017;1;1
4a8dded71a13253707ee9870b7d2b5aa41b628b7b2fe3a29722d8f409f28d298;06/02/2019;2018;12;30
de079ea6f2db651f7e186fe66c5acd8b7e591f71bc2c22f7869404f83109192c;10/01/2019;2018;12;30
ee613ea1db618f0986f5296ba5407cecc9d593a3642de3ddf16cfd2844c68aa8;14/02/2018;2017;12;31
79011897f8d2e7459c28b69764c772e9b625f3222790be4f1870fa82e1557fbd;16/04/2018;2017;12;31
3244d921889a06887c03beb1d6e500d236fe2f6e45f62886ff2bcd7718d2e480;22/07/2018;2017;12;31
ab075379b5c1bbb90a6f02faa98a23676b937199925a3fb58a651e1e714182b5;27/06/2018;2017;12;31
a9cd4de3b71047bd8b94ca056b5b27f42c5892a8324a08c800214c188f6d1f02;04/10/2017;2017;1;1
d74226f2b0dc9bc01c718678203b5bdd6d0f51e4b25f3b0b1ad824ccab97c4b5;12/09/2018;2017;12;31
b802b46f60740f1a6ba0588cae6069731b14fe325418f4a1453cd6e5b0cd8c87;16/05/2018;2017;12;31
ebc3976c8b72b47c5612c505885417816fb27f78a5a9158ca903a4bd33bb673e;24/11/2017;2017;1;1
6ad03c7e4bd9740651e332da5140328c5e942a52d9ff2e5a5c55025361b70a15;18/03/2018;2017;12;31
db25cdcb4fbba7657795ea2058b2fe558a1828028cab99b29d819b0e4cf6e21f;15/02/2017;2017;1;1
465d7625940836564dbc513ae824eeb2dacf742914a83ed12008c78ca7c35217;05/03/2017;2017;1;1
aabebaf307a1171ef5fb892b425e56d8e1b24acc725b50d17be8d11e41e7481a;14/02/2019;2018;12;30
b9c395ba1d9c85bb3d745e3d7df17cedcac2bfd43d8a8a05183c59c0285cd3c5;29/08/2018;2017;12;31
72252b392ac1ba2c0cb5b47fb8dd866eececfc42f0be8a1754bd998d95285906;25/02/2018;2017;12;31
fee43fcb55a2136c620bd4f872dcd430a565272021141d7d2beb7282e60bc0f2;20/05/2017;2017;1;1
e0612a6d852da152a7ef2f7c2643ecc9ec643f952a24e78cc1c4054140818162;04/03/2019;2018;12;30
a85174c5c2f4078bf9961a331f89a61e42805a3677863aed6e86869186a40693;30/09/2018;2017;12;31
7475c2c640198766dd622a81f6cd1c61b1459e417007b13ec9a0521d6789ad08;16/09/2018;2017;12;31
bebc237e5964763918df67f01b402561b053d95f10c7689c9f4589f3b3448b16;01/02/2018;2017;12;31
c4a62f637ae7afcf50c8984859340cb465f4cff8089dc450268a87ec4fa54964;25/08/2018;2017;12;31
718e0d9303daaace036242838c33ef54c5ab6a14ce26c3fa2266b04f0378f6e4;19/04/2017;2017;1;1
fce517f44e7b6c2e880ba0b33d3398c3ef6dd708cf4bdd7c438ad771d6813444;30/04/2017;2017;1;1
677e9cddc9d05aac3991d4c190581ac0b8f8ddfca8a1b6e412fcd5e92f796a8e;19/05/2017;2017;1;1
f77079bf543c5d255b7a869149821c6605cbea642c54824b41cf434528146f10;07/09/2017;2017;1;1
c9ca2c9f17d6f27bd6208beca28f0234af23eef74105a67ec2d1e42d966b1107;02/05/2018;2017;12;31
23d52822021bc0cfba61c740d84b212c09f551426304ba419601570767e1f09c;08/01/2019;2018;12;30
605312dad63f1ceae147c4d1efdea1a204862b07444d965c1d8edf5be4df072a;30/07/2018;2017;12;31
90f4d89455a29655da5fe1cc535afcbdf239c9f8389c21b6a27aff32ce9fd044;21/09/2017;2017;1;1
fdec10813c515230de7300e3ffde11486e81e73e5b016cbb2f04347110d63728;02/06/2018;2017;12;31
f9948e703ed1363991aa5e8253234f4d4af5e13fb1176be21afb1cf6d63ea0b0;18/06/2018;2017;12;31
3732173019957c709ec419bfeeda376b734457bbf074d2d9b005c9a0c94b07be;25/04/2018;2017;12;31
329ff3161224223b55bf76407af3e6de0003deb9164dd7ae125f24cb84e89edc;07/03/2019;2018;12;30
75d48dc694d261a5c4d979c382d974e215ea0bac2492a5afd3c8213faec9cefe;12/05/2018;2017;12;31
104d66be05eb275ba89bd661b5d3e5356e5797b1b12bcf2c46b91ddf5e8bb791;10/09/2018;2017;12;31
38e459a062c3581ef4275c4a4a866220167857378ea3e916a799c07e7642476f;05/10/2017;2017;1;1
e74c0737335dab0de8c11b4c876f1985b34944fd8a0d8040d689c9c9955bf19a;27/10/2018;2017;12;31
172936fcbe5986c286e28b9fef1679f84a21c82b395ee07e1f3573138432ad80;13/08/2018;2017;12;31
b3f6c94777f48ab82c1fcf4f1f95f506415b3ac22e249738d1ba1d3d676d4f86;08/11/2017;2017;1;1
29731f2226e642e11f78c99aabdc93e6b75b5d49af48b4509e3d2deb15f0b75b;07/12/2017;2017;1;1
1716736e2eac5f143d2b7b9e967969673b226e49dffd43070a21c59c05d2d82f;22/04/2017;2017;1;1
0036c58e4b62d9a46a3f74268f849ab44c231aca5521bb0ce43349ad26012aba;05/01/2018;2017;12;31
d1e0ff8db2dbe851d86fa15272d6c76f900566cdf507228c08dd26243f89aa54;02/07/2018;2017;12;31
0fd301c83d14a3fbc137a3638a90e476ebf3354c9af74136e84dc74faf102eb0;06/06/2018;2017;12;31
4dd573ceba42451167c225a3f3884aa66bc69316d067c3a6debf923bfbc84848;02/12/2017;2017;1;1
80e6e3115ea22e6f0471cd387b35b7c684c1aa933c0ba02cf1528e74ee5cad7a;07/01/2018;2017;12;31
1279fd2f02b06c522d544127ad9e5ee2919417f9b000d18cf860097d105d6faa;20/11/2018;2017;12;31
eb88bf138d823e957f1909edf904f8b012bf568d86f93f57d7a6b2e7a92d4276;05/09/2018;2017;12;31
8af5c344b23298aadac77c2403fcbdb81e8727f1ec64b025e24fbe3ef51d7320;11/02/2019;2018;12;30
abe225b034d8e5f0e291fc3f9f47f5ecf558a543320450f09ff471e538b04375;03/05/2017;2017;1;1
1b3f1015c13dea5587a02a937d3f186b0e19f447f59339f96c52f0e8d55eb5ef;26/04/2017;2017;1;1
9c22e5ab8e81b26fa3088d27d145d22bd686296a174b10dae683bfed1227be58;03/03/2017;2017;1;1
f562e7d598a8bca89880f867d2c866e7e8c647dffb74a4eb0061155cced09c06;19/06/2017;2017;1;1
2f903c5647b598ce1d60860caac95c0b25595b227dd4f737d3d278a7154da50d;28/12/2017;2017;1;1
8a277da7635cfef5c8d0b0084a8b9c39bb69fb7989b5e11845200e0baf709ca4;07/04/2018;2017;12;31
4211d9ddb479c47b508bec8bd04963c96c0e35330c7af76b61c523526d476dfe;10/06/2018;2017;12;31
3c7a31fcc7fef32b16eeba1ecbc7a45a3df13d7efa60c47ed4b258730d307b3c;28/04/2018;2017;12;31
ff2082b89401afe0d4642db0baa02acf3fbd88c9b419c147fb9230a73d72c7f2;18/03/2019;2018;12;30
2d91da5f1bd326ed2ecdb70cf316eaa3dbed0acbff74106c15fe1d6ec8ac3817;05/12/2018;2017;12;31
bddbb08467077e0f3bc411b6893b6a6d2151abaa1db4616914de016d24dafecc;06/11/2018;2017;12;31
f039f2c93fdedd62107a986cce9eb34d9796554f41c7bcb8ebdd5d68cebd8984;28/03/2018;2017;12;31
6199871d2fc8c10aeb5edbe5fc2488956e50ce63eae3eb5624c1f46133fbdd9d;26/10/2017;2017;1;1
126e1372bcf0bdd5c4f55e971efc51fbedd5203613a3d777a76062dd9e4a260a;21/02/2019;2018;12;30
465e784ee7aaa90bbf8ac8728866b6735dc97b99c8a75e02ee2843b96076e4bb;23/02/2017;2017;1;1
dc14a5d630133f96d603d5ec147d74540cc4e26e86d04bab655ceda04bfd8380;23/01/2018;2017;12;31
3c98a4762ae2a8115562ba9529629aa338c8b2f224ee8f51e7886c1193852364;07/03/2018;2017;12;31
fce86b7c46e172dc6b30b52f9ef10ce5447b192485eaf42a688a4468aff01195;24/01/2018;2017;12;31
8f939de3f8f8f3698cc7f8dfca502abdf2c61eb004cbf66b0484a9097d082141;07/11/2018;2017;12;31
77d07d8faca1e4f854e44a108c5c14ec4a8077adf99dcf72e2f870f4fc998369;11/11/2018;2017;12;31
262a2fa89f82f793cbe1490821e69521b6be23ff4c3958cd556c42f86a092eea;17/06/2017;2017;1;1
9a4406dd8c2b0f255549aa609e5309bfd80baeee3f62f24912055444747556fc;11/08/2018;2017;12;31
fc67f82bc1c620b601f81b24ddd808cbdd86081fdde8f0e87a9b094d01d5c3ab;22/02/2017;2017;1;1
fd7bb590fe14544af20e54d18558518012d2650e32c4dd8944a95437bee86fed;16/08/2017;2017;1;1
644eb689db0068c6c8cf1d9b09a32b123191ef5db2759e53582d457161d1d6ec;06/01/2019;2018;12;30
c944d8bec9b02136f806263a3709455513022963392d331cd86fba683a9276bf;30/12/2018;2017;12;31
056b5d0c8c2a0eb1e7030c1d580e68e6cd7a36073544c17308205dbbb8d0103d;11/02/2018;2017;12;31
b6b9d4987cf54d0c85ca78d6fe6e7b5c363f6e7bf4ab915707b8a8e28437e850;16/06/2017;2017;1;1
b07b6e8138e015bfccc5753d56378d668510fc5d76228ebf24f77628729190d4;17/01/2019;2018;12;30
e151ee14391fa24680a1a5b7800eb2dd3401eb0faef37a1edbcc56f37151ae4d;16/01/2019;2018;12;30
55c6d721e1646094f4480383517660303c032c83babdd00e8dcd85a32818145e;30/05/2018;2017;12;31
0219e74961a664bb9a2ec91ba343d087d9e0b1988c30b1631ff7ea9502697b90;15/10/2018;2017;12;31
d4c60d3548ae255538d56bfb2579ec74bca0b2cbb495db5f361fdde6b5bb2247;01/06/2017;2017;1;1
7d0ff60c6509c10aeaae74dde6cc90a3b240fee580b1d84dbdc1ed1f06ca5d78;05/06/2018;2017;12;31
7d00af7d67fba691a39b8d8fff2ac581b5916a0e236de2db8dfedafa9edd0211;15/09/2017;2017;1;1
45a9edf09b815c5c914b06bc26959af53bbf159de264bca55d9f867d83f22fa8;13/02/2018;2017;12;31
63c68d4b1ff9c1f7745a8c1046243f3bf53f7e9ab620d97fa7fc9be57fbe010d;19/11/2017;2017;1;1
e273ed1549504bf6a67d69f8bded692c5f9c8c45a515108b9f2604d2a788e553;09/09/2017;2017;1;1
b981a1bcccdbe0b02889642bf3f5f95acbe43f598d51e260e17d08c9ef88c2c5;26/02/2017;2017;1;1
97bb958717a303cd611d1943b176bb1c6b8ecb188a5270d175b5bf8ba093ec28;18/11/2018;2017;12;31
c73eb5888ad0c2cfc032ad3110426737e9d410e5c620a8208f24d209669a1be6;29/12/2018;2017;12;31
3cd2b7d6a70efa341a7d133c45311b936c413139db14f932efbff76b1d5af39b;24/08/2017;2017;1;1
f0bfff03040bc6866a1e1124fd5facf8274df340957d6c96b474098f133ab6b7;07/07/2018;2017;12;31
0cdb0c10489098397a0c9da851aae77e1e031e46c16febdc6205415b6672a0ad;21/10/2018;2017;12;31
974d4553a85b25e4978265401ff56bb20de16a3facbf6d5c6a6830f7ed8f6b8a;15/04/2018;2017;12;31
8015616781847aeed96e38e04788785deb12c35464747045820b89bea6d29c33;09/12/2018;2017;12;31
2c85f0375974b7dd9229e497b2fb736e4cf446666021a3a18fcfdcb119e92d54;12/07/2017;2017;1;1
261622171b4229a8c759441c3281500bc38ec88d22a60a78e4ef07174716437f;04/06/2017;2017;1;1
4541f7403af242772aea45692276fff885f7d71bdf2846dfd114ce6c270dfdaa;17/01/2018;2017;12;31
089410948883b1c8419dc2799004c1621af921b86fe8dbb7d969f413358e4a56;19/02/2019;2018;12;30
bcd6879ca47eec0dad3602b8426553592396ef998beba9d72caaecd766e8097d;04/11/2017;2017;1;1
e7048d4cf4597e44ddf1d981a251025bf38daf541ed985e5305151b245792e16;19/06/2018;2017;12;31
572e5af377429f3aef99d3591019c9ca8c437f625f1c7713010f12fba6b115ed;11/06/2018;2017;12;31
5aa2f806e7008d7462880bf65d3e5e7f94b69e6505bb042cc0e3374c26cee0c3;26/06/2018;2017;12;31
941f9ce465df15207c744e7ec8ed8d1d6b9abd437b269c3c66bb79094ecac09d;22/08/2018;2017;12;31
13ab0fc1c675f23a1b6ef25ac7ddad554272c1537c5e1ba6137af0d485eb28cd;09/02/2017;2017;1;1
588acbf937c8a81f73ee7adf335e2ca30dd70f3bd652e701e56645db8ce87d6e;14/07/2018;2017;12;31
6f1bad83980b4b81d068529dd0ffd5e4397fa72b4bc7e31349d59ea707eeb321;25/03/2018;2017;12;31
7b85779b45f67aa0ab28c4c3895044a1d72e3d67f3013976d7989247a406422a;09/03/2017;2017;1;1
f9a4912f5c1c3e9973c99e5dd73ce2d17b3e9ab2516a538c00ad6a881a315b90;14/04/2018;2017;12;31
63cb2062838c6ee2d3f2f9d80e6b4cc9712b67480c118e3320ed4a36ad05b621;07/05/2018;2017;12;31
d067b25dcc7295d2a7d5fc7ad679080a2a5be17e8bf0e9afc3f8548d8c95d881;12/08/2018;2017;12;31
94fba277300e266d2868bdaa3d72363be5d310e183b1789035e850ba3a155882;11/05/2017;2017;1;1
4bbd7b22ece98a364b5a32a2829bbaade277044cb535644166db509e643b3fec;30/12/2017;2017;1;1
403743260785026c2daed8b3ecf8f8393982f24835ff3a70089be489da78696e;05/03/2019;2018;12;30
4db14646533c032c951a9cdf1ce50b892d17bef7278318062a8692eefba161b4;23/08/2017;2017;1;1
ee5ec904339e12467dbdc84d432d46b96b15603485dde0a810c9f82bd499c171;01/11/2017;2017;1;1
6e6e9d98248d1a6c7e0c86ae96deb5abba94dd8675d32680c11374da49e9cf05;06/10/2017;2017;1;1
7a70a6ac00f77341977ad6acf73dbbd680e3eb876c4e3ce95af20e39f1f30a4e;06/05/2017;2017;1;1
e4d3239721e7c52bae5744ab4d39215be73170f92472cc732a35e2fdd56a5a69;31/08/2017;2017;1;1
845f1e05730a09840629fddbfc770e1ce65eb0e7e8f7f825677cb613c84bd492;02/12/2018;2017;12;31
34fbe77475fcb05e332b419c80956d2661488d7fe77da3bdbc7a66c736352c15;17/06/2018;2017;12;31
24f49efb438700c186be0f5ee96e78e9a5e9be376037bc935354719b06bc4a64;04/03/2017;2017;1;1
47bd84d849b9dbc8818e046f2d502bbbca84553b0ce08b94c2369dce43b9c16b;12/05/2017;2017;1;1
6b4636fabe943abbd0051a124d80420d298be8071e015554c552680af7673a25;09/11/2017;2017;1;1
e026426d949f7631db534c860bbf73e414347b3a9a686f6c428694deedd94e2c;26/12/2018;2017;12;31
6c618c45e619184c56fda21baf91da23d92787c45bf07303f897b60236fba368;13/01/2017;2017;1;1
ab4738a4211b2f28bf43aabdacfbffcadc79fd2c4fbddd034f37e66deee4e7ab;23/06/2018;2017;12;31
44c394738c78e2e3d4c7a6f95bb1de301e38bd995e7b879ca334e647c67a85c5;28/04/2017;2017;1;1
fbdadad9de9cd3955f4011d0a7afb10856f3d67501720d33b813348b0b1e38d3;31/05/2017;2017;1;1
a628b4741cb38091ba85a562d8c84702026662eb305f212a2f45f63605d5bf62;30/03/2017;2017;1;1
d117d57a4317c676ffb973af0d67dfb7279d91cc7a6b38f8a95a4964da92dc44;07/04/2017;2017;1;1
5dcd4d8e643b0cd691f51b1aafb696cdf7652e7676e3fc3bb002f960661a3e41;06/02/2018;2017;12;31
38ae18d50f5a5ba17d9fcd8e144f3b304b6275aa24c80c9b289236083402adb5;25/11/2017;2017;1;1
652cbb53e26ee7528db78e4df7fea00335c9a0ecd52011823dd28af0f775b975;29/11/2017;2017;1;1
e1fb6a9ddcc3fd171b04010f8959de8b2e085373c1fca9d0958362e122fb5303;27/10/2017;2017;1;1
0bca38b7a83aea48a7c7ff6eaab85b58ab53316b9dcc762034f86ea4f04fa2e0;01/04/2018;2017;12;31
14ea1318ae7817859b0e99f40b6ef6036f8028159d9cf8feabfbc76dce1417ba;17/11/2018;2017;12;31
eee3f24ff28647020b743ba696e259d8bccafb048ebd08e5a93f2509b9896efb;01/10/2018;2017;12;31
263ba9d857772a4b07ec3268e653281955fa978b20312cb28f99586806618566;19/03/2019;2018;12;30
65438ac97595df3e190e5e973297bd5cec57d007eb63bb558fa973d2fea8a0ae;06/07/2017;2017;1;1
295b019276ea55aeb7c34915e1aaeb831c668642451468a8a9ec9e0fdc43d1e2;12/11/2018;2017;12;31
63729cde39e8b5276fb30bb5021074f55131ad135a24c04ad3f44b33afed6c5d;18/08/2017;2017;1;1
5731efa25d68b34dc376a758911c264df49ecbc642f5d231e766a4fe4ac315f4;04/11/2018;2017;12;31
2581d0cc51c2614b2953cc3c1a02342eef35ef6cfac7dfa63a69b8347a127aa3;03/02/2019;2018;12;30
4d4a58100f5f217c25ae57b92c5ac575d60b9cef53cea884e20736576feea729;28/11/2018;2017;12;31
ab09ff60b40543cbdcddccd11be2cda941c3d6d0b6abf2a462441579d13fd2c1;28/06/2017;2017;1;1
1a20a8aa43a0f4016af8bbf012403c035ed89438257a425e81b7bd990d86e848;13/01/2019;2018;12;30
016063d2f840d56dc7e3d9f4cfd3e62351ab04bec32a608b928911684d5d216f;26/09/2018;2017;12;31
877c64839f28e54e00593d7d823ea5bfeea3ab3745c42f9e270e627d497e5da9;30/07/2017;2017;1;1
6c3de49ff36fbe5cafaf1fc011a0e616a514a4e44ba7fff2b56e4651e70bb9bb;09/04/2017;2017;1;1
b8e242415ed89ac0e345a150dd7b700a724b862f74c5ffae07b693798dd76265;05/11/2017;2017;1;1
d39176ec69e60f4bcb6c16ea48b108e48653c6ab2d41d3581c5dac9c702297c4;06/03/2018;2017;12;31
398fc6d83dd68297f47d1ed0e8b822efe9cab8087daf63a7377ccd38c4862851;12/03/2017;2017;1;1
f2740e31b50b3368617eb661880400940e968405d319b214e95c43577b7e736a;03/12/2017;2017;1;1
3652becfef7ec166c4e9bc637b721d9d316db879ea6532312e8543db474f7328;02/10/2018;2017;12;31
54d8a05c7ea8dc2b698af7797c8f6b28366772dc9cd1ccbb8be5e5afed97eaae;24/04/2018;2017;12;31
8198c8eb73181f2fd72cc9b113fecce5dd08144693049f275a4d459dd8c86881;09/12/2017;2017;1;1
979967db600b5dca5db8563725f381f7e784cbf85ebecf496e3c92e018a02a05;13/10/2017;2017;1;1
0a96aa49ffcb95e658df39dc7a20fb14fc89766afe624f7b1261eea03315a995;13/03/2019;2018;12;30
cce84dfff9f18cb0ed089b2777f364b4c7f286f626685391ea721b459cdd5d9d;14/08/2018;2017;12;31
f205806cc5a858f1d8f167f9992971ed5a4a6f746493882920d9ff10e8e4ecb6;14/05/2018;2017;12;31
712bf14b046b529cf88d4f2237ccec5a2c17916036e46f794d7aebade150565d;01/08/2018;2017;12;31
bfc3a5cf85d507f54aa0ae1b60808c55a073d2c14da76a7b2d6f9d5dfcaf018a;28/02/2018;2017;12;31
9ebf6fb1f774ddd5c74d07f08ea72283b7278436c238b976438c90135a5f0984;05/08/2018;2017;12;31
e6a7113fd88123fd940e08216da7ebf4e2c4be526ee008fc1c36c6f4039ac148;07/06/2018;2017;12;31
0cb3e1d42b5183793129ce3dc7003ec323a30982bf8873861e6735e7c05c3561;25/02/2019;2018;12;30
efbe1ce854007becef54620e4cd0af7413f51593a54de0f9943092a28ad37813;24/03/2017;2017;1;1
3e13167cdbb0316bc553b90cd40dceadb7f7a4617267c003c74b7f252fb4e3de;20/04/2017;2017;1;1
f5191a3ef395cc5a54ff7b4be44f35f2eb2ad483a3df267ba831b6a259bad588;21/06/2017;2017;1;1
454626e325af60ec8c0a3bced854b364ee283ffb37b2f5eee75ad7b2312068e4;15/11/2017;2017;1;1
80a10d6823317bed65d7889e45bd571c800a5adb686fe74107f9ec110252514d;30/06/2017;2017;1;1
5930c5037d47a152eac38442cfcb8d0c1c819c400b60028f849b8b2ecb839ed7;21/01/2019;2018;12;30
ef5fe69c3f748daf3798256b8b93a67a8b1f180f25e36b42551c7b3ae2ce7264;20/01/2019;2018;12;30
d170acd7237d09fa5bb4198a4cd74a7f677ab06dd0e1f11231187475d91f83e9;10/02/2019;2018;12;30
7c89ec96811cb207e2e0a2f1d239bb2d454dd9af38109a192b42103e26bc926b;09/07/2018;2017;12;31
188d7ec6e5abf039f79beaa93c27420545dda58d4ebc4e1eed6b9581bfb10ae7;24/11/2018;2017;12;31
0db2134ac66d846d5af9955d665c98b7f4000d756b5b740efbc969a55a61aa70;22/06/2017;2017;1;1
786a1a72f237d0ad84c29def090c870b650d1e2443387f5a0b770726d7fafb5f;12/08/2017;2017;1;1
8fd708dd78f55758426900e577a40bb27eb4b5af1e5a684c0db49e36f4f1bd8e;14/05/2017;2017;1;1
9b219205ce371db2e45af741d5d08230cdd6faefd723120a2928f66eaaa87e5a;18/08/2018;2017;12;31
cb6be9e87bb13a2251f6a59a2d9fd3aefa429ab87a13c1fe7f89c30f8cd44408;09/08/2017;2017;1;1
2ba8b21ff040b08deeb83386114b24302df56ba93751e09e20f3cf40d251b3d6;19/08/2017;2017;1;1
e8e71056be7188ef85a393aa5a88960ebb269221fdf9126eb2b15f17a32ce308;09/07/2017;2017;1;1
0b5c2daffb69dfdf1ed9d65d9e311c1268bc69a0c69b4dc5ac273a6d7fb56ff5;23/04/2018;2017;12;31
f2ad593efdf0bda6b0defb863a627e8472eb3b0bbdd319aa53170aee1639fdb8;29/04/2017;2017;1;1
51d9a80862734b3d75c10bff87812dd6cefe8639fd94ac6b4ade1a8df3c044fa;16/10/2018;2017;12;31
f842d8f820964d832f614c21984d2fc85f1caf936b5fba21e7231de2adb1ef56;30/08/2017;2017;1;1
667c1448a3754ef60ced60aa0217a83985a7132869ba794246dd12a7c3697607;21/01/2018;2017;12;31
0f0ed20f909abb987258439b3d1b4670e87987b3b0e346c8b8da5b5c601d8df6;17/08/2017;2017;1;1
2ad13a3326c67872fe8b6d6ee7777c68c2e69eb64b53179abfff7547a39557cb;15/10/2017;2017;1;1
d8f4fdddb60da3da407a65c2fc7b5278f9d3ed8e6901b5cae35ac7632b6e81a9;23/11/2017;2017;1;1
de23bd7036db6f79be7f4890941425f9a62096cb67715a2f3b4918108b8916f6;21/03/2019;2018;12;30
25b155f352fb316db1efa53f9b54ba369fa3c281668fb37aea6decfb790cf182;30/01/2019;2018;12;30
6e1fbd0679306b626c92e4819fbca6f1676e6f1252828e0c8dd33228af3e2b71;25/01/2018;2017;12;31
b9b66eb0663c39490d88dcd9a57af63caf89d0128ffc6c52c5058f15708c7709;19/07/2017;2017;1;1
10286caa30f0cf338b22795d0f8396ff87e40195ec7eb2fefd0e84a0fe8da2b2;07/10/2018;2017;12;31
3a8cef3005879bed8315cef011c464f26fe02c15bd807e42a67db6a38279868c;08/02/2018;2017;12;31
d5c7002ba29bf4ae832e30d03f175642d118decda77d3f736cd02f91a7dad84c;11/11/2017;2017;1;1
fc8da6f7d4a77a2ba8eb2ad345584ed90ef553cb3517a89b3bfe4c7e29394c7f;06/08/2017;2017;1;1
6f6632a0bedd1df3d1165b1f54f3d6a6d8d570e44dde868b375a0b54717c9332;29/01/2017;2017;1;1
c52c9961c68054e7232a2d3a9081928df010c187fd1b139338adc44077384301;29/12/2017;2017;1;1
ad2803d4edbbc03e4933bec11369af96dfc37d813a4f23bfecbdbee3ed68ebbc;22/03/2017;2017;1;1
